-- phpMyAdmin SQL Dump
-- version 4.8.5
-- https://www.phpmyadmin.net/
--
-- Host: 127.0.0.1
-- Generation Time: Sep 01, 2021 at 01:24 PM
-- Server version: 10.1.38-MariaDB
-- PHP Version: 7.3.2

SET SQL_MODE = "NO_AUTO_VALUE_ON_ZERO";
SET AUTOCOMMIT = 0;
START TRANSACTION;
SET time_zone = "+00:00";


/*!40101 SET @OLD_CHARACTER_SET_CLIENT=@@CHARACTER_SET_CLIENT */;
/*!40101 SET @OLD_CHARACTER_SET_RESULTS=@@CHARACTER_SET_RESULTS */;
/*!40101 SET @OLD_COLLATION_CONNECTION=@@COLLATION_CONNECTION */;
/*!40101 SET NAMES utf8mb4 */;

--
-- Database: `chatme`
--
CREATE DATABASE IF NOT EXISTS `chatme` DEFAULT CHARACTER SET utf8mb4 COLLATE utf8mb4_general_ci;
USE `chatme`;

-- --------------------------------------------------------

--
-- Table structure for table `chat`
--

CREATE TABLE `chat` (
  `chatid` int(11) NOT NULL,
  `chat_room_id` int(11) DEFAULT NULL,
  `chat_msg` text,
  `userid` int(11) DEFAULT NULL,
  `chat_date` varchar(255) DEFAULT NULL
) ENGINE=InnoDB DEFAULT CHARSET=latin1;

--
-- Dumping data for table `chat`
--

INSERT INTO `chat` (`chatid`, `chat_room_id`, `chat_msg`, `userid`, `chat_date`) VALUES
(1, 1, 'hety', 1, 'July 7, 2021 1:05:am'),
(2, 1, 'hello pao how you doin', 2, 'July 7, 2021 1:07:am'),
(3, 1, 'heyyy pao', 2, 'July 7, 2021 1:53:am'),
(4, 1, 'JULLLL I MISSS YOUUUU', 1, 'July 7, 2021 4:13:am'),
(5, 1, 'hi', 1, 'August 24, 2021 2:50:am'),
(6, 1, 'Ohhh lookk whooos here', 4, 'August 28, 2021 10:26:pm'),
(7, 1, 'Hello', 5, 'August 28, 2021 11:10:pm'),
(8, 1, 'hello abdallah]', 1, 'August 28, 2021 11:10:pm');

-- --------------------------------------------------------

--
-- Table structure for table `chat_room`
--

CREATE TABLE `chat_room` (
  `chat_room_id` int(11) NOT NULL,
  `chat_room_name` varchar(255) DEFAULT NULL
) ENGINE=MyISAM DEFAULT CHARSET=latin1;

--
-- Dumping data for table `chat_room`
--

INSERT INTO `chat_room` (`chat_room_id`, `chat_room_name`) VALUES
(1, 'Welcome to chatME!');

-- --------------------------------------------------------

--
-- Table structure for table `user`
--

CREATE TABLE `user` (
  `userid` int(11) NOT NULL,
  `username` varchar(30) DEFAULT NULL,
  `password` varchar(30) DEFAULT NULL,
  `your_name` varchar(60) DEFAULT NULL,
  `email` varchar(255) DEFAULT NULL,
  `phone` varchar(255) DEFAULT NULL
) ENGINE=InnoDB DEFAULT CHARSET=latin1;

--
-- Dumping data for table `user`
--

INSERT INTO `user` (`userid`, `username`, `password`, `your_name`, `email`, `phone`) VALUES
(1, 'pao', 'pao', 'PaoPao', 'pao@yahoo.com', '09123123123'),
(2, 'julien13', '', 'jul', 'jobslebanon3@gmail.com', '+96181432648'),
(3, 'julien13', 'Spiderman13', 'jul', 'jobslebanon3@gmail.com', '+96181432648'),
(4, 'Juliana123', 'Juliana123', 'Juliana', 'juliana123@gmail.com', '+96101543321'),
(5, 'abdallah', 'abdallah', 'abdallah', 'abdallah@gmail.com', '3718238279321783879');

--
-- Indexes for dumped tables
--

--
-- Indexes for table `chat`
--
ALTER TABLE `chat`
  ADD PRIMARY KEY (`chatid`);

--
-- Indexes for table `chat_room`
--
ALTER TABLE `chat_room`
  ADD PRIMARY KEY (`chat_room_id`);

--
-- Indexes for table `user`
--
ALTER TABLE `user`
  ADD PRIMARY KEY (`userid`);

--
-- AUTO_INCREMENT for dumped tables
--

--
-- AUTO_INCREMENT for table `chat`
--
ALTER TABLE `chat`
  MODIFY `chatid` int(11) NOT NULL AUTO_INCREMENT, AUTO_INCREMENT=9;

--
-- AUTO_INCREMENT for table `chat_room`
--
ALTER TABLE `chat_room`
  MODIFY `chat_room_id` int(11) NOT NULL AUTO_INCREMENT, AUTO_INCREMENT=2;

--
-- AUTO_INCREMENT for table `user`
--
ALTER TABLE `user`
  MODIFY `userid` int(11) NOT NULL AUTO_INCREMENT, AUTO_INCREMENT=6;
--
-- Database: `db_contact`
--
CREATE DATABASE IF NOT EXISTS `db_contact` DEFAULT CHARACTER SET latin1 COLLATE latin1_swedish_ci;
USE `db_contact`;
--
-- Database: `hotel`
--
CREATE DATABASE IF NOT EXISTS `hotel` DEFAULT CHARACTER SET latin1 COLLATE latin1_swedish_ci;
USE `hotel`;

-- --------------------------------------------------------

--
-- Table structure for table `manager`
--

CREATE TABLE `manager` (
  `uid` int(20) NOT NULL,
  `uname` varchar(30) NOT NULL,
  `upass` varchar(30) NOT NULL,
  `fullname` varchar(100) NOT NULL,
  `uemail` varchar(30) NOT NULL
) ENGINE=InnoDB DEFAULT CHARSET=utf8mb4;

--
-- Dumping data for table `manager`
--

INSERT INTO `manager` (`uid`, `uname`, `upass`, `fullname`, `uemail`) VALUES
(6, 'julien', '04710807', 'julienjabbour', 'julien.jabbour13@gmail.com');

-- --------------------------------------------------------

--
-- Table structure for table `rooms`
--

CREATE TABLE `rooms` (
  `room_id` int(200) NOT NULL,
  `room_cat` text NOT NULL,
  `checkin` date NOT NULL,
  `checkout` date NOT NULL,
  `name` text NOT NULL,
  `phone` int(100) NOT NULL,
  `book` text NOT NULL
) ENGINE=InnoDB DEFAULT CHARSET=utf8mb4;

--
-- Dumping data for table `rooms`
--

INSERT INTO `rooms` (`room_id`, `room_cat`, `checkin`, `checkout`, `name`, `phone`, `book`) VALUES
(23, 'Family', '0000-00-00', '0000-00-00', '', 0, 'false'),
(24, 'Family', '0000-00-00', '0000-00-00', '', 0, 'false'),
(25, 'Family', '0000-00-00', '0000-00-00', '', 0, 'false'),
(26, 'Family', '0000-00-00', '0000-00-00', '', 0, 'false'),
(27, 'Family', '0000-00-00', '0000-00-00', '', 0, 'false'),
(29, 'Super Comfort', '0000-00-00', '0000-00-00', '', 0, 'false'),
(30, 'Super Comfort', '0000-00-00', '0000-00-00', '', 0, 'false'),
(31, 'Super Comfort', '0000-00-00', '0000-00-00', '', 0, 'false'),
(32, 'Super Comfort', '0000-00-00', '0000-00-00', '', 0, 'false'),
(33, 'Duplex', '2021-07-08', '2021-07-09', 'Julien Jabbour', 2147483647, 'true'),
(34, 'Duplex', '0000-00-00', '0000-00-00', '', 0, 'false'),
(35, 'Duplex', '0000-00-00', '0000-00-00', '', 0, 'false'),
(36, 'Duplex', '0000-00-00', '0000-00-00', '', 0, 'false'),
(37, 'Duplex', '0000-00-00', '0000-00-00', '', 0, 'false');

-- --------------------------------------------------------

--
-- Table structure for table `room_category`
--

CREATE TABLE `room_category` (
  `roomname` text NOT NULL,
  `room_qnty` int(11) NOT NULL,
  `available` int(11) NOT NULL,
  `booked` int(11) NOT NULL,
  `no_bed` int(11) NOT NULL,
  `bedtype` text NOT NULL,
  `facility` text NOT NULL,
  `price` float NOT NULL
) ENGINE=InnoDB DEFAULT CHARSET=utf8mb4;

--
-- Dumping data for table `room_category`
--

INSERT INTO `room_category` (`roomname`, `room_qnty`, `available`, `booked`, `no_bed`, `bedtype`, `facility`, `price`) VALUES
('Duplex', 5, 5, 0, 2, 'single', 'AC, TV, Wifi', 1500),
('Family', 5, 5, 0, 2, 'double', 'Sofa, TV, WIFI, Balcony, AC.', 3500),
('Super Comfort', 5, 5, 0, 1, 'double', 'AC, TV, WIFI', 2200);

--
-- Indexes for dumped tables
--

--
-- Indexes for table `manager`
--
ALTER TABLE `manager`
  ADD PRIMARY KEY (`uid`);

--
-- Indexes for table `rooms`
--
ALTER TABLE `rooms`
  ADD PRIMARY KEY (`room_id`);

--
-- Indexes for table `room_category`
--
ALTER TABLE `room_category`
  ADD PRIMARY KEY (`roomname`(100));

--
-- AUTO_INCREMENT for dumped tables
--

--
-- AUTO_INCREMENT for table `manager`
--
ALTER TABLE `manager`
  MODIFY `uid` int(20) NOT NULL AUTO_INCREMENT, AUTO_INCREMENT=7;

--
-- AUTO_INCREMENT for table `rooms`
--
ALTER TABLE `rooms`
  MODIFY `room_id` int(200) NOT NULL AUTO_INCREMENT, AUTO_INCREMENT=38;
--
-- Database: `login`
--
CREATE DATABASE IF NOT EXISTS `login` DEFAULT CHARACTER SET latin1 COLLATE latin1_swedish_ci;
USE `login`;

-- --------------------------------------------------------

--
-- Table structure for table `users`
--

CREATE TABLE `users` (
  `id` int(11) NOT NULL,
  `username` varchar(100) NOT NULL,
  `password` varchar(100) NOT NULL
) ENGINE=InnoDB DEFAULT CHARSET=latin1;

--
-- Dumping data for table `users`
--

INSERT INTO `users` (`id`, `username`, `password`) VALUES
(1, 'testuser', 'testuserpass');

--
-- Indexes for dumped tables
--

--
-- Indexes for table `users`
--
ALTER TABLE `users`
  ADD PRIMARY KEY (`id`);

--
-- AUTO_INCREMENT for dumped tables
--

--
-- AUTO_INCREMENT for table `users`
--
ALTER TABLE `users`
  MODIFY `id` int(11) NOT NULL AUTO_INCREMENT, AUTO_INCREMENT=2;
--
-- Database: `phpmyadmin`
--
CREATE DATABASE IF NOT EXISTS `phpmyadmin` DEFAULT CHARACTER SET utf8 COLLATE utf8_bin;
USE `phpmyadmin`;

-- --------------------------------------------------------

--
-- Table structure for table `pma__bookmark`
--

CREATE TABLE `pma__bookmark` (
  `id` int(11) NOT NULL,
  `dbase` varchar(255) COLLATE utf8_bin NOT NULL DEFAULT '',
  `user` varchar(255) COLLATE utf8_bin NOT NULL DEFAULT '',
  `label` varchar(255) CHARACTER SET utf8 NOT NULL DEFAULT '',
  `query` text COLLATE utf8_bin NOT NULL
) ENGINE=InnoDB DEFAULT CHARSET=utf8 COLLATE=utf8_bin COMMENT='Bookmarks';

-- --------------------------------------------------------

--
-- Table structure for table `pma__central_columns`
--

CREATE TABLE `pma__central_columns` (
  `db_name` varchar(64) COLLATE utf8_bin NOT NULL,
  `col_name` varchar(64) COLLATE utf8_bin NOT NULL,
  `col_type` varchar(64) COLLATE utf8_bin NOT NULL,
  `col_length` text COLLATE utf8_bin,
  `col_collation` varchar(64) COLLATE utf8_bin NOT NULL,
  `col_isNull` tinyint(1) NOT NULL,
  `col_extra` varchar(255) COLLATE utf8_bin DEFAULT '',
  `col_default` text COLLATE utf8_bin
) ENGINE=InnoDB DEFAULT CHARSET=utf8 COLLATE=utf8_bin COMMENT='Central list of columns';

-- --------------------------------------------------------

--
-- Table structure for table `pma__column_info`
--

CREATE TABLE `pma__column_info` (
  `id` int(5) UNSIGNED NOT NULL,
  `db_name` varchar(64) COLLATE utf8_bin NOT NULL DEFAULT '',
  `table_name` varchar(64) COLLATE utf8_bin NOT NULL DEFAULT '',
  `column_name` varchar(64) COLLATE utf8_bin NOT NULL DEFAULT '',
  `comment` varchar(255) CHARACTER SET utf8 NOT NULL DEFAULT '',
  `mimetype` varchar(255) CHARACTER SET utf8 NOT NULL DEFAULT '',
  `transformation` varchar(255) COLLATE utf8_bin NOT NULL DEFAULT '',
  `transformation_options` varchar(255) COLLATE utf8_bin NOT NULL DEFAULT '',
  `input_transformation` varchar(255) COLLATE utf8_bin NOT NULL DEFAULT '',
  `input_transformation_options` varchar(255) COLLATE utf8_bin NOT NULL DEFAULT ''
) ENGINE=InnoDB DEFAULT CHARSET=utf8 COLLATE=utf8_bin COMMENT='Column information for phpMyAdmin';

-- --------------------------------------------------------

--
-- Table structure for table `pma__designer_settings`
--

CREATE TABLE `pma__designer_settings` (
  `username` varchar(64) COLLATE utf8_bin NOT NULL,
  `settings_data` text COLLATE utf8_bin NOT NULL
) ENGINE=InnoDB DEFAULT CHARSET=utf8 COLLATE=utf8_bin COMMENT='Settings related to Designer';

-- --------------------------------------------------------

--
-- Table structure for table `pma__export_templates`
--

CREATE TABLE `pma__export_templates` (
  `id` int(5) UNSIGNED NOT NULL,
  `username` varchar(64) COLLATE utf8_bin NOT NULL,
  `export_type` varchar(10) COLLATE utf8_bin NOT NULL,
  `template_name` varchar(64) COLLATE utf8_bin NOT NULL,
  `template_data` text COLLATE utf8_bin NOT NULL
) ENGINE=InnoDB DEFAULT CHARSET=utf8 COLLATE=utf8_bin COMMENT='Saved export templates';

-- --------------------------------------------------------

--
-- Table structure for table `pma__favorite`
--

CREATE TABLE `pma__favorite` (
  `username` varchar(64) COLLATE utf8_bin NOT NULL,
  `tables` text COLLATE utf8_bin NOT NULL
) ENGINE=InnoDB DEFAULT CHARSET=utf8 COLLATE=utf8_bin COMMENT='Favorite tables';

-- --------------------------------------------------------

--
-- Table structure for table `pma__history`
--

CREATE TABLE `pma__history` (
  `id` bigint(20) UNSIGNED NOT NULL,
  `username` varchar(64) COLLATE utf8_bin NOT NULL DEFAULT '',
  `db` varchar(64) COLLATE utf8_bin NOT NULL DEFAULT '',
  `table` varchar(64) COLLATE utf8_bin NOT NULL DEFAULT '',
  `timevalue` timestamp NOT NULL DEFAULT CURRENT_TIMESTAMP,
  `sqlquery` text COLLATE utf8_bin NOT NULL
) ENGINE=InnoDB DEFAULT CHARSET=utf8 COLLATE=utf8_bin COMMENT='SQL history for phpMyAdmin';

-- --------------------------------------------------------

--
-- Table structure for table `pma__navigationhiding`
--

CREATE TABLE `pma__navigationhiding` (
  `username` varchar(64) COLLATE utf8_bin NOT NULL,
  `item_name` varchar(64) COLLATE utf8_bin NOT NULL,
  `item_type` varchar(64) COLLATE utf8_bin NOT NULL,
  `db_name` varchar(64) COLLATE utf8_bin NOT NULL,
  `table_name` varchar(64) COLLATE utf8_bin NOT NULL
) ENGINE=InnoDB DEFAULT CHARSET=utf8 COLLATE=utf8_bin COMMENT='Hidden items of navigation tree';

-- --------------------------------------------------------

--
-- Table structure for table `pma__pdf_pages`
--

CREATE TABLE `pma__pdf_pages` (
  `db_name` varchar(64) COLLATE utf8_bin NOT NULL DEFAULT '',
  `page_nr` int(10) UNSIGNED NOT NULL,
  `page_descr` varchar(50) CHARACTER SET utf8 NOT NULL DEFAULT ''
) ENGINE=InnoDB DEFAULT CHARSET=utf8 COLLATE=utf8_bin COMMENT='PDF relation pages for phpMyAdmin';

-- --------------------------------------------------------

--
-- Table structure for table `pma__recent`
--

CREATE TABLE `pma__recent` (
  `username` varchar(64) COLLATE utf8_bin NOT NULL,
  `tables` text COLLATE utf8_bin NOT NULL
) ENGINE=InnoDB DEFAULT CHARSET=utf8 COLLATE=utf8_bin COMMENT='Recently accessed tables';

--
-- Dumping data for table `pma__recent`
--

INSERT INTO `pma__recent` (`username`, `tables`) VALUES
('root', '[{\"db\":\"users\",\"table\":\"users\"},{\"db\":\"store\",\"table\":\"users\"},{\"db\":\"store\",\"table\":\"users_items\"},{\"db\":\"store\",\"table\":\"items\"},{\"db\":\"tutor\",\"table\":\"registert\"},{\"db\":\" registration\",\"table\":\"users\"},{\"db\":\"login\",\"table\":\"users\"},{\"db\":\"users\",\"table\":\"images\"},{\"db\":\"hotel\",\"table\":\"manager\"},{\"db\":\"hotel\",\"table\":\"room_category\"}]');

-- --------------------------------------------------------

--
-- Table structure for table `pma__relation`
--

CREATE TABLE `pma__relation` (
  `master_db` varchar(64) COLLATE utf8_bin NOT NULL DEFAULT '',
  `master_table` varchar(64) COLLATE utf8_bin NOT NULL DEFAULT '',
  `master_field` varchar(64) COLLATE utf8_bin NOT NULL DEFAULT '',
  `foreign_db` varchar(64) COLLATE utf8_bin NOT NULL DEFAULT '',
  `foreign_table` varchar(64) COLLATE utf8_bin NOT NULL DEFAULT '',
  `foreign_field` varchar(64) COLLATE utf8_bin NOT NULL DEFAULT ''
) ENGINE=InnoDB DEFAULT CHARSET=utf8 COLLATE=utf8_bin COMMENT='Relation table';

-- --------------------------------------------------------

--
-- Table structure for table `pma__savedsearches`
--

CREATE TABLE `pma__savedsearches` (
  `id` int(5) UNSIGNED NOT NULL,
  `username` varchar(64) COLLATE utf8_bin NOT NULL DEFAULT '',
  `db_name` varchar(64) COLLATE utf8_bin NOT NULL DEFAULT '',
  `search_name` varchar(64) COLLATE utf8_bin NOT NULL DEFAULT '',
  `search_data` text COLLATE utf8_bin NOT NULL
) ENGINE=InnoDB DEFAULT CHARSET=utf8 COLLATE=utf8_bin COMMENT='Saved searches';

-- --------------------------------------------------------

--
-- Table structure for table `pma__table_coords`
--

CREATE TABLE `pma__table_coords` (
  `db_name` varchar(64) COLLATE utf8_bin NOT NULL DEFAULT '',
  `table_name` varchar(64) COLLATE utf8_bin NOT NULL DEFAULT '',
  `pdf_page_number` int(11) NOT NULL DEFAULT '0',
  `x` float UNSIGNED NOT NULL DEFAULT '0',
  `y` float UNSIGNED NOT NULL DEFAULT '0'
) ENGINE=InnoDB DEFAULT CHARSET=utf8 COLLATE=utf8_bin COMMENT='Table coordinates for phpMyAdmin PDF output';

-- --------------------------------------------------------

--
-- Table structure for table `pma__table_info`
--

CREATE TABLE `pma__table_info` (
  `db_name` varchar(64) COLLATE utf8_bin NOT NULL DEFAULT '',
  `table_name` varchar(64) COLLATE utf8_bin NOT NULL DEFAULT '',
  `display_field` varchar(64) COLLATE utf8_bin NOT NULL DEFAULT ''
) ENGINE=InnoDB DEFAULT CHARSET=utf8 COLLATE=utf8_bin COMMENT='Table information for phpMyAdmin';

-- --------------------------------------------------------

--
-- Table structure for table `pma__table_uiprefs`
--

CREATE TABLE `pma__table_uiprefs` (
  `username` varchar(64) COLLATE utf8_bin NOT NULL,
  `db_name` varchar(64) COLLATE utf8_bin NOT NULL,
  `table_name` varchar(64) COLLATE utf8_bin NOT NULL,
  `prefs` text COLLATE utf8_bin NOT NULL,
  `last_update` timestamp NOT NULL DEFAULT CURRENT_TIMESTAMP ON UPDATE CURRENT_TIMESTAMP
) ENGINE=InnoDB DEFAULT CHARSET=utf8 COLLATE=utf8_bin COMMENT='Tables'' UI preferences';

--
-- Dumping data for table `pma__table_uiprefs`
--

INSERT INTO `pma__table_uiprefs` (`username`, `db_name`, `table_name`, `prefs`, `last_update`) VALUES
('root', 'store', 'users_items', '{\"sorted_col\":\"`users_items`.`user_id`  DESC\"}', '2021-07-07 22:52:48');

-- --------------------------------------------------------

--
-- Table structure for table `pma__tracking`
--

CREATE TABLE `pma__tracking` (
  `db_name` varchar(64) COLLATE utf8_bin NOT NULL,
  `table_name` varchar(64) COLLATE utf8_bin NOT NULL,
  `version` int(10) UNSIGNED NOT NULL,
  `date_created` datetime NOT NULL,
  `date_updated` datetime NOT NULL,
  `schema_snapshot` text COLLATE utf8_bin NOT NULL,
  `schema_sql` text COLLATE utf8_bin,
  `data_sql` longtext COLLATE utf8_bin,
  `tracking` set('UPDATE','REPLACE','INSERT','DELETE','TRUNCATE','CREATE DATABASE','ALTER DATABASE','DROP DATABASE','CREATE TABLE','ALTER TABLE','RENAME TABLE','DROP TABLE','CREATE INDEX','DROP INDEX','CREATE VIEW','ALTER VIEW','DROP VIEW') COLLATE utf8_bin DEFAULT NULL,
  `tracking_active` int(1) UNSIGNED NOT NULL DEFAULT '1'
) ENGINE=InnoDB DEFAULT CHARSET=utf8 COLLATE=utf8_bin COMMENT='Database changes tracking for phpMyAdmin';

--
-- Dumping data for table `pma__tracking`
--

INSERT INTO `pma__tracking` (`db_name`, `table_name`, `version`, `date_created`, `date_updated`, `schema_snapshot`, `schema_sql`, `data_sql`, `tracking`, `tracking_active`) VALUES
('store', 'users_items', 1, '2021-07-08 00:47:09', '2021-07-08 00:47:09', 'a:2:{s:7:\"COLUMNS\";a:4:{i:0;a:8:{s:5:\"Field\";s:2:\"id\";s:4:\"Type\";s:7:\"int(11)\";s:9:\"Collation\";N;s:4:\"Null\";s:2:\"NO\";s:3:\"Key\";s:3:\"PRI\";s:7:\"Default\";N;s:5:\"Extra\";s:14:\"auto_increment\";s:7:\"Comment\";s:0:\"\";}i:1;a:8:{s:5:\"Field\";s:7:\"user_id\";s:4:\"Type\";s:7:\"int(20)\";s:9:\"Collation\";N;s:4:\"Null\";s:2:\"NO\";s:3:\"Key\";s:3:\"MUL\";s:7:\"Default\";N;s:5:\"Extra\";s:0:\"\";s:7:\"Comment\";s:0:\"\";}i:2;a:8:{s:5:\"Field\";s:7:\"item_id\";s:4:\"Type\";s:7:\"int(11)\";s:9:\"Collation\";N;s:4:\"Null\";s:2:\"NO\";s:3:\"Key\";s:3:\"MUL\";s:7:\"Default\";N;s:5:\"Extra\";s:0:\"\";s:7:\"Comment\";s:0:\"\";}i:3;a:8:{s:5:\"Field\";s:6:\"status\";s:4:\"Type\";s:33:\"enum(\'Added to cart\',\'Confirmed\')\";s:9:\"Collation\";s:17:\"latin1_swedish_ci\";s:4:\"Null\";s:2:\"NO\";s:3:\"Key\";s:0:\"\";s:7:\"Default\";N;s:5:\"Extra\";s:0:\"\";s:7:\"Comment\";s:0:\"\";}}s:7:\"INDEXES\";a:4:{i:0;a:13:{s:5:\"Table\";s:11:\"users_items\";s:10:\"Non_unique\";s:1:\"0\";s:8:\"Key_name\";s:7:\"PRIMARY\";s:12:\"Seq_in_index\";s:1:\"1\";s:11:\"Column_name\";s:2:\"id\";s:9:\"Collation\";s:1:\"A\";s:11:\"Cardinality\";s:2:\"13\";s:8:\"Sub_part\";N;s:6:\"Packed\";N;s:4:\"Null\";s:0:\"\";s:10:\"Index_type\";s:5:\"BTREE\";s:7:\"Comment\";s:0:\"\";s:13:\"Index_comment\";s:0:\"\";}i:1;a:13:{s:5:\"Table\";s:11:\"users_items\";s:10:\"Non_unique\";s:1:\"1\";s:8:\"Key_name\";s:7:\"user_id\";s:12:\"Seq_in_index\";s:1:\"1\";s:11:\"Column_name\";s:7:\"user_id\";s:9:\"Collation\";s:1:\"A\";s:11:\"Cardinality\";s:2:\"13\";s:8:\"Sub_part\";N;s:6:\"Packed\";N;s:4:\"Null\";s:0:\"\";s:10:\"Index_type\";s:5:\"BTREE\";s:7:\"Comment\";s:0:\"\";s:13:\"Index_comment\";s:0:\"\";}i:2;a:13:{s:5:\"Table\";s:11:\"users_items\";s:10:\"Non_unique\";s:1:\"1\";s:8:\"Key_name\";s:7:\"user_id\";s:12:\"Seq_in_index\";s:1:\"2\";s:11:\"Column_name\";s:7:\"item_id\";s:9:\"Collation\";s:1:\"A\";s:11:\"Cardinality\";s:2:\"13\";s:8:\"Sub_part\";N;s:6:\"Packed\";N;s:4:\"Null\";s:0:\"\";s:10:\"Index_type\";s:5:\"BTREE\";s:7:\"Comment\";s:0:\"\";s:13:\"Index_comment\";s:0:\"\";}i:3;a:13:{s:5:\"Table\";s:11:\"users_items\";s:10:\"Non_unique\";s:1:\"1\";s:8:\"Key_name\";s:7:\"item_id\";s:12:\"Seq_in_index\";s:1:\"1\";s:11:\"Column_name\";s:7:\"item_id\";s:9:\"Collation\";s:1:\"A\";s:11:\"Cardinality\";s:2:\"13\";s:8:\"Sub_part\";N;s:6:\"Packed\";N;s:4:\"Null\";s:0:\"\";s:10:\"Index_type\";s:5:\"BTREE\";s:7:\"Comment\";s:0:\"\";s:13:\"Index_comment\";s:0:\"\";}}}', '# log 2021-07-08 00:47:09 root\nDROP TABLE IF EXISTS `users_items`;\n# log 2021-07-08 00:47:09 root\n\nCREATE TABLE `users_items` (\n  `id` int(11) NOT NULL,\n  `user_id` int(20) NOT NULL,\n  `item_id` int(11) NOT NULL,\n  `status` enum(\'Added to cart\',\'Confirmed\') NOT NULL\n) ENGINE=InnoDB DEFAULT CHARSET=latin1;\n', '\n', 'UPDATE,INSERT,DELETE,TRUNCATE,CREATE TABLE,ALTER TABLE,RENAME TABLE,DROP TABLE,CREATE INDEX,DROP INDEX', 1);

-- --------------------------------------------------------

--
-- Table structure for table `pma__userconfig`
--

CREATE TABLE `pma__userconfig` (
  `username` varchar(64) COLLATE utf8_bin NOT NULL,
  `timevalue` timestamp NOT NULL DEFAULT CURRENT_TIMESTAMP ON UPDATE CURRENT_TIMESTAMP,
  `config_data` text COLLATE utf8_bin NOT NULL
) ENGINE=InnoDB DEFAULT CHARSET=utf8 COLLATE=utf8_bin COMMENT='User preferences storage for phpMyAdmin';

--
-- Dumping data for table `pma__userconfig`
--

INSERT INTO `pma__userconfig` (`username`, `timevalue`, `config_data`) VALUES
('root', '2021-09-01 11:24:06', '{\"Console\\/Mode\":\"collapse\"}');

-- --------------------------------------------------------

--
-- Table structure for table `pma__usergroups`
--

CREATE TABLE `pma__usergroups` (
  `usergroup` varchar(64) COLLATE utf8_bin NOT NULL,
  `tab` varchar(64) COLLATE utf8_bin NOT NULL,
  `allowed` enum('Y','N') COLLATE utf8_bin NOT NULL DEFAULT 'N'
) ENGINE=InnoDB DEFAULT CHARSET=utf8 COLLATE=utf8_bin COMMENT='User groups with configured menu items';

-- --------------------------------------------------------

--
-- Table structure for table `pma__users`
--

CREATE TABLE `pma__users` (
  `username` varchar(64) COLLATE utf8_bin NOT NULL,
  `usergroup` varchar(64) COLLATE utf8_bin NOT NULL
) ENGINE=InnoDB DEFAULT CHARSET=utf8 COLLATE=utf8_bin COMMENT='Users and their assignments to user groups';

--
-- Dumping data for table `pma__users`
--

INSERT INTO `pma__users` (`username`, `usergroup`) VALUES
('juldb', ''),
('julien13', '');

--
-- Indexes for dumped tables
--

--
-- Indexes for table `pma__bookmark`
--
ALTER TABLE `pma__bookmark`
  ADD PRIMARY KEY (`id`);

--
-- Indexes for table `pma__central_columns`
--
ALTER TABLE `pma__central_columns`
  ADD PRIMARY KEY (`db_name`,`col_name`);

--
-- Indexes for table `pma__column_info`
--
ALTER TABLE `pma__column_info`
  ADD PRIMARY KEY (`id`),
  ADD UNIQUE KEY `db_name` (`db_name`,`table_name`,`column_name`);

--
-- Indexes for table `pma__designer_settings`
--
ALTER TABLE `pma__designer_settings`
  ADD PRIMARY KEY (`username`);

--
-- Indexes for table `pma__export_templates`
--
ALTER TABLE `pma__export_templates`
  ADD PRIMARY KEY (`id`),
  ADD UNIQUE KEY `u_user_type_template` (`username`,`export_type`,`template_name`);

--
-- Indexes for table `pma__favorite`
--
ALTER TABLE `pma__favorite`
  ADD PRIMARY KEY (`username`);

--
-- Indexes for table `pma__history`
--
ALTER TABLE `pma__history`
  ADD PRIMARY KEY (`id`),
  ADD KEY `username` (`username`,`db`,`table`,`timevalue`);

--
-- Indexes for table `pma__navigationhiding`
--
ALTER TABLE `pma__navigationhiding`
  ADD PRIMARY KEY (`username`,`item_name`,`item_type`,`db_name`,`table_name`);

--
-- Indexes for table `pma__pdf_pages`
--
ALTER TABLE `pma__pdf_pages`
  ADD PRIMARY KEY (`page_nr`),
  ADD KEY `db_name` (`db_name`);

--
-- Indexes for table `pma__recent`
--
ALTER TABLE `pma__recent`
  ADD PRIMARY KEY (`username`);

--
-- Indexes for table `pma__relation`
--
ALTER TABLE `pma__relation`
  ADD PRIMARY KEY (`master_db`,`master_table`,`master_field`),
  ADD KEY `foreign_field` (`foreign_db`,`foreign_table`);

--
-- Indexes for table `pma__savedsearches`
--
ALTER TABLE `pma__savedsearches`
  ADD PRIMARY KEY (`id`),
  ADD UNIQUE KEY `u_savedsearches_username_dbname` (`username`,`db_name`,`search_name`);

--
-- Indexes for table `pma__table_coords`
--
ALTER TABLE `pma__table_coords`
  ADD PRIMARY KEY (`db_name`,`table_name`,`pdf_page_number`);

--
-- Indexes for table `pma__table_info`
--
ALTER TABLE `pma__table_info`
  ADD PRIMARY KEY (`db_name`,`table_name`);

--
-- Indexes for table `pma__table_uiprefs`
--
ALTER TABLE `pma__table_uiprefs`
  ADD PRIMARY KEY (`username`,`db_name`,`table_name`);

--
-- Indexes for table `pma__tracking`
--
ALTER TABLE `pma__tracking`
  ADD PRIMARY KEY (`db_name`,`table_name`,`version`);

--
-- Indexes for table `pma__userconfig`
--
ALTER TABLE `pma__userconfig`
  ADD PRIMARY KEY (`username`);

--
-- Indexes for table `pma__usergroups`
--
ALTER TABLE `pma__usergroups`
  ADD PRIMARY KEY (`usergroup`,`tab`,`allowed`);

--
-- Indexes for table `pma__users`
--
ALTER TABLE `pma__users`
  ADD PRIMARY KEY (`username`,`usergroup`);

--
-- AUTO_INCREMENT for dumped tables
--

--
-- AUTO_INCREMENT for table `pma__bookmark`
--
ALTER TABLE `pma__bookmark`
  MODIFY `id` int(11) NOT NULL AUTO_INCREMENT;

--
-- AUTO_INCREMENT for table `pma__column_info`
--
ALTER TABLE `pma__column_info`
  MODIFY `id` int(5) UNSIGNED NOT NULL AUTO_INCREMENT;

--
-- AUTO_INCREMENT for table `pma__export_templates`
--
ALTER TABLE `pma__export_templates`
  MODIFY `id` int(5) UNSIGNED NOT NULL AUTO_INCREMENT;

--
-- AUTO_INCREMENT for table `pma__history`
--
ALTER TABLE `pma__history`
  MODIFY `id` bigint(20) UNSIGNED NOT NULL AUTO_INCREMENT;

--
-- AUTO_INCREMENT for table `pma__pdf_pages`
--
ALTER TABLE `pma__pdf_pages`
  MODIFY `page_nr` int(10) UNSIGNED NOT NULL AUTO_INCREMENT;

--
-- AUTO_INCREMENT for table `pma__savedsearches`
--
ALTER TABLE `pma__savedsearches`
  MODIFY `id` int(5) UNSIGNED NOT NULL AUTO_INCREMENT;
--
-- Database: ` registration`
--
CREATE DATABASE IF NOT EXISTS ` registration` DEFAULT CHARACTER SET latin1 COLLATE latin1_swedish_ci;
USE ` registration`;

-- --------------------------------------------------------

--
-- Table structure for table `users`
--

CREATE TABLE `users` (
  `id` int(11) NOT NULL,
  `username` varchar(100) NOT NULL,
  `email` varchar(100) NOT NULL,
  `password` varchar(100) NOT NULL
) ENGINE=InnoDB DEFAULT CHARSET=latin1;

--
-- Indexes for dumped tables
--

--
-- Indexes for table `users`
--
ALTER TABLE `users`
  ADD PRIMARY KEY (`id`);

--
-- AUTO_INCREMENT for dumped tables
--

--
-- AUTO_INCREMENT for table `users`
--
ALTER TABLE `users`
  MODIFY `id` int(11) NOT NULL AUTO_INCREMENT;
--
-- Database: `store`
--
CREATE DATABASE IF NOT EXISTS `store` DEFAULT CHARACTER SET latin1 COLLATE latin1_swedish_ci;
USE `store`;

-- --------------------------------------------------------

--
-- Table structure for table `items`
--

CREATE TABLE `items` (
  `id` int(11) NOT NULL,
  `name` varchar(255) NOT NULL,
  `price` int(11) NOT NULL
) ENGINE=InnoDB DEFAULT CHARSET=latin1;

--
-- Dumping data for table `items`
--

INSERT INTO `items` (`id`, `name`, `price`) VALUES
(1, 'Cannon EOS', 36000),
(2, 'Sony DSLR', 40000),
(3, 'Sony DSLR', 50000),
(4, 'Olympus DSLR', 80000),
(5, 'Titan Model #301', 13000),
(6, 'Titan Model #201', 3000),
(7, 'HMT Milan', 8000),
(8, 'Favre Lueba #111', 18000),
(9, 'Raymond', 1500),
(10, 'Charles', 1000),
(11, 'HXR', 900),
(12, 'PINK', 1200);

-- --------------------------------------------------------

--
-- Table structure for table `users`
--

CREATE TABLE `users` (
  `id` int(11) NOT NULL,
  `name` varchar(255) NOT NULL,
  `email` varchar(255) NOT NULL,
  `password` varchar(255) NOT NULL,
  `contact` varchar(255) NOT NULL,
  `city` varchar(255) NOT NULL,
  `address` varchar(255) NOT NULL
) ENGINE=InnoDB DEFAULT CHARSET=latin1;

--
-- Dumping data for table `users`
--

INSERT INTO `users` (`id`, `name`, `email`, `password`, `contact`, `city`, `address`) VALUES
(6, 'Julien13', 'julien.jabbour13@gmail.com', '257642e98012ab2510fedb465aea4745', 'Julien', 'Beirut', 'Bkenneya'),
(7, 'Julien Jabbour', 'jobslebanon3@gmail.com', '14e1b600b1fd579f47433b88e8d85291', 'me', 'beirut', 'bsalim'),
(8, 'jul', 'juljul@live.com', '61303333f820d627384616bf43d545e0', 'meme', 'mount lebanon', 'baabdat'),
(9, 'julien', 'ajsakjsasjkasjk@fdkjdjkfdjk.com', '935fc46551443e3f65baf8c7ef347938', 'beirut', 'beirut', 'jal dib');

-- --------------------------------------------------------

--
-- Table structure for table `users_items`
--

CREATE TABLE `users_items` (
  `id` int(11) NOT NULL,
  `user_id` int(20) NOT NULL,
  `item_id` int(11) NOT NULL,
  `status` enum('Added to cart','Confirmed') NOT NULL
) ENGINE=InnoDB DEFAULT CHARSET=latin1;

--
-- Dumping data for table `users_items`
--

INSERT INTO `users_items` (`id`, `user_id`, `item_id`, `status`) VALUES
(7, 3, 3, 'Added to cart'),
(8, 3, 4, 'Added to cart'),
(9, 3, 5, 'Added to cart'),
(10, 3, 11, 'Added to cart'),
(11, 1, 9, 'Added to cart'),
(12, 1, 2, 'Added to cart'),
(13, 1, 8, 'Added to cart'),
(14, 4, 2, 'Confirmed'),
(18, 5, 11, 'Added to cart'),
(20, 5, 5, 'Added to cart'),
(34, 6, 2, 'Confirmed'),
(35, 8, 10, 'Confirmed'),
(36, 6, 2, 'Confirmed'),
(37, 6, 3, 'Confirmed');

--
-- Indexes for dumped tables
--

--
-- Indexes for table `items`
--
ALTER TABLE `items`
  ADD PRIMARY KEY (`id`);

--
-- Indexes for table `users`
--
ALTER TABLE `users`
  ADD PRIMARY KEY (`id`);

--
-- Indexes for table `users_items`
--
ALTER TABLE `users_items`
  ADD PRIMARY KEY (`id`),
  ADD KEY `user_id` (`user_id`,`item_id`),
  ADD KEY `item_id` (`item_id`);

--
-- AUTO_INCREMENT for dumped tables
--

--
-- AUTO_INCREMENT for table `items`
--
ALTER TABLE `items`
  MODIFY `id` int(11) NOT NULL AUTO_INCREMENT, AUTO_INCREMENT=13;

--
-- AUTO_INCREMENT for table `users`
--
ALTER TABLE `users`
  MODIFY `id` int(11) NOT NULL AUTO_INCREMENT, AUTO_INCREMENT=10;

--
-- AUTO_INCREMENT for table `users_items`
--
ALTER TABLE `users_items`
  MODIFY `id` int(11) NOT NULL AUTO_INCREMENT, AUTO_INCREMENT=38;
--
-- Database: `test`
--
CREATE DATABASE IF NOT EXISTS `test` DEFAULT CHARACTER SET latin1 COLLATE latin1_swedish_ci;
USE `test`;
--
-- Database: `tutor`
--
CREATE DATABASE IF NOT EXISTS `tutor` DEFAULT CHARACTER SET latin1 COLLATE latin1_swedish_ci;
USE `tutor`;

-- --------------------------------------------------------

--
-- Table structure for table `registert`
--

CREATE TABLE `registert` (
  `ID` int(250) NOT NULL,
  `PSW` int(250) NOT NULL
) ENGINE=InnoDB DEFAULT CHARSET=latin1;
--
-- Database: `users`
--
CREATE DATABASE IF NOT EXISTS `users` DEFAULT CHARACTER SET latin1 COLLATE latin1_swedish_ci;
USE `users`;

-- --------------------------------------------------------

--
-- Table structure for table `images`
--

CREATE TABLE `images` (
  `id` int(11) NOT NULL,
  `name` varchar(200) NOT NULL,
  `image` longtext NOT NULL
) ENGINE=InnoDB DEFAULT CHARSET=latin1;

-- --------------------------------------------------------

--
-- Table structure for table `users`
--

CREATE TABLE `users` (
  `id` int(11) NOT NULL,
  `username` varchar(50) NOT NULL,
  `password` varchar(255) NOT NULL,
  `created_at` datetime DEFAULT CURRENT_TIMESTAMP
) ENGINE=InnoDB DEFAULT CHARSET=latin1;

--
-- Dumping data for table `users`
--

INSERT INTO `users` (`id`, `username`, `password`, `created_at`) VALUES
(1, 'julien12', '$2y$10$4OYRbpkwI4mMz5qm5cYUAOtYxXXfrpzhfRc291ew1cQnECk0b0A7G', '2021-07-06 14:26:28'),
(2, 'julien13', '$2y$10$QI8Yf80qsb2aUK2O8VRvHeP7nYi4We7AssRfnHpifs3sRthRPpBMu', '2021-07-06 14:52:23'),
(3, 'marietherese1', '$2y$10$6E1Tehll3RFcxv0NLp47S.uwfUA7iV74ozC94yLbenYovjycFARmC', '2021-07-06 17:58:09'),
(4, 'abdallah', '$2y$10$EtrJ4.KhmhbwPTR422TFXu5Ivqc1kpR6xMJF93UQGFN4nv7uFLCFG', '2021-07-06 18:58:28'),
(5, 'Anonymous13', '$2y$10$5ickwy3Q5S8aGooZFjvz.OUQXF4vpJyEVDkYCsNV8S5EMhkImcps.', '2021-08-23 15:08:48'),
(6, 'georgeaa1', '$2y$10$wm0o1.Mm4RFthfHmmrFxl.AT/Xv2BKFZF7Y0GgtHvgbD1m8OFy.1y', '2021-08-23 18:17:47'),
(7, 'jul13', '$2y$10$HRU74wxgi9z4LrlMqwvV1.XjMaKHQgTNLwPmCeZtZuWiX3eCtlvAm', '2021-08-23 21:50:00');

--
-- Indexes for dumped tables
--

--
-- Indexes for table `images`
--
ALTER TABLE `images`
  ADD PRIMARY KEY (`id`);

--
-- Indexes for table `users`
--
ALTER TABLE `users`
  ADD PRIMARY KEY (`id`),
  ADD UNIQUE KEY `username` (`username`);

--
-- AUTO_INCREMENT for dumped tables
--

--
-- AUTO_INCREMENT for table `images`
--
ALTER TABLE `images`
  MODIFY `id` int(11) NOT NULL AUTO_INCREMENT;

--
-- AUTO_INCREMENT for table `users`
--
ALTER TABLE `users`
  MODIFY `id` int(11) NOT NULL AUTO_INCREMENT, AUTO_INCREMENT=8;
COMMIT;

/*!40101 SET CHARACTER_SET_CLIENT=@OLD_CHARACTER_SET_CLIENT */;
/*!40101 SET CHARACTER_SET_RESULTS=@OLD_CHARACTER_SET_RESULTS */;
/*!40101 SET COLLATION_CONNECTION=@OLD_COLLATION_CONNECTION */;
